1,google.com
2,youtube.com
3,facebook.com
4,baidu.com
5,wikipedia.org
6,yahoo.com
7,google.co.in
8,twitter.com
9,amazon.com
10,qq.com
11,google.co.jp
12,live.com
13,linkedin.com
14,taobao.com
15,instagram.com
16,vk.com
17,hao123.com
18,sohu.com
19,sina.com.cn
20,weibo.com
21,360.cn
22,google.de
23,reddit.com
24,yahoo.co.jp
25,google.com.br
26,tmall.com
27,google.co.uk
28,yandex.ru
29,google.fr
30,t.co
31,onclickads.net
32,google.ru
33,ebay.com
34,wordpress.com
35,soso.com
36,stackoverflow.com
37,bing.com
38,tumblr.com
39,blogspot.com
40,google.it
41,google.es
42,msn.com
43,microsoft.com
44,apple.com
45,pinterest.com
46,aliexpress.com
47,paypal.com
48,netflix.com
49,google.com.mx
50,blogger.com
51,gmw.cn
52,github.com
53,imgur.com
54,imdb.com
55,mail.ru
56,amazon.co.jp
57,google.ca
58,whatsapp.com
59,naver.com
60,google.com.hk
61,amazon.in
62,popads.net
63,google.co.kr
64,pornhub.com
65,ok.ru
66,office.com
67,cnzz.com
68,google.co.id
69,fc2.com
70,dropbox.com
71,youku.com
72,xvideos.com
73,google.com.tr
74,googleusercontent.com
75,microsoftonline.com
76,google.com.au
77,google.pl
78,google.com.tw
79,xhamster.com
80,quora.com
81,cnn.com
82,adobe.com
83,xinhuanet.com
84,flipkart.com
85,tianya.cn
86,amazon.de
87,bongacams.com
88,twitch.tv
89,youth.cn
90,craigslist.org
91,pixnet.net
92,wikia.com
93,alibaba.com
94,godaddy.com
95,360.com
96,isanalyze.com
97,google.com.eg
98,coccoc.com
99,google.com.ar
100,haosou.com
101,adf.ly
102,bbc.com
103,so.com
104,amazon.co.uk
105,rakuten.co.jp
106,google.com.sa
107,salesforce.com
108,amazonaws.com
109,google.com.pk
110,google.co.th
111,terraclicks.com
112,vimeo.com
113,espn.com
114,nytimes.com
115,bbc.co.uk
116,booking.com
117,soundcloud.com
118,indiatimes.com
119,ask.com
120,ebay.de
121,txxx.com
122,google.nl
123,people.com.cn
124,dailymotion.com
125,globo.com
126,uol.com.br
127,w3schools.com
128,china.com.cn
129,ebay.co.uk
130,stackexchange.com
131,alipay.com
132,diply.com
133,zhihu.com
134,dailymail.co.uk
135,daum.net
136,tudou.com
137,thepiratebay.org
138,bet365.com
139,wordpress.org
140,outbrain.com
141,ettoday.net
142,google.co.ve
143,savefrom.net
144,indeed.com
145,nicovideo.jp
146,force.com
147,google.co.za
148,trello.com
149,deviantart.com
150,theguardian.com
151,9gag.com
152,slideshare.net
153,chase.com
154,huffingtonpost.com
155,blastingnews.com
156,buzzfeed.com
157,uptodown.com
158,vice.com
159,doubleclick.net
160,slack.com
161,bp.blogspot.com
162,github.io
163,avito.ru
164,google.com.ph
165,livejasmin.com
166,cnet.com
167,thewhizmarketing.com
168,bilibili.com
169,tribunnews.com
170,google.com.co
171,steampowered.com
172,snapdeal.com
173,livedoor.jp
174,mediafire.com
175,google.com.vn
176,etsy.com
177,china.com
178,blogspot.in
179,popcash.net
180,google.gr
181,ameblo.jp
182,sogou.com
183,washingtonpost.com
184,huanqiu.com
185,shutterstock.com
186,addthis.com
187,chaturbate.com
188,google.com.ng
189,fbcdn.net
190,onlinesbi.com
191,spotify.com
192,extratorrent.cc
193,mozilla.org
194,skype.com
195,weather.com
196,bankofamerica.com
197,hclips.com
198,naver.jp
199,google.com.sg
200,google.be
201,twimg.com
202,google.ro
203,wikihow.com
204,cloudfront.net
205,google.com.ua
206,forbes.com
207,mercadolivre.com.br
208,goo.ne.jp
209,blogspot.co.id
210,cctv.com
211,babytree.com
212,livejournal.com
213,csdn.net
214,adexchangeprediction.com
215,ozock.com
216,tistory.com
217,detik.com
218,xnxx.com
219,google.se
220,wetransfer.com
221,amazon.it
222,walmart.com
223,wordreference.com
224,giphy.com
225,wellsfargo.com
226,zol.com.cn
227,archive.org
228,feedly.com
229,redtube.com
230,amazon.fr
231,wikimedia.org
232,51.la
233,flickr.com
234,foxnews.com
235,nih.gov
236,google.com.pe
237,openload.co
238,gfycat.com
239,upornia.com
240,google.dz
241,yelp.com
242,files.wordpress.com
243,google.at
244,kinogo.club
245,163.com
246,weebly.com
247,mama.cn
248,themeforest.net
249,pinimg.com
250,ikea.com
251,paytm.com
252,mailchimp.com
253,tripadvisor.com
254,aol.com
255,taboola.com
256,freepik.com
257,reimageplus.com
258,putlocker.is
259,rutracker.org
260,instructure.com
261,tuberel.com
262,detail.tmall.com
263,allegro.pl
264,sourceforge.net
265,businessinsider.com
266,zendesk.com
267,google.ch
268,theladbible.com
269,iwanttodeliver.com
270,ndtv.com
271,google.pt
272,myway.com
273,youporn.com
274,espncricinfo.com
275,dmm.co.jp
276,google.ae
277,douban.com
278,upwork.com
279,hdfcbank.com
280,zillow.com
281,varzesh3.com
282,google.az
283,xywy.com
284,google.cz
285,google.cn
286,thesaurus.com
287,speedtest.net
288,youm7.com
289,zippyshare.com
290,rt.com
291,doublepimp.com
292,webtretho.com
293,medium.com
294,google.com.bd
295,disqus.com
296,nametests.com
297,globaloffers.link
298,scribd.com
299,fiverr.com
300,bitauto.com
301,douyu.com
302,kinopoisk.ru
303,gsmarena.com
304,softonic.com
305,google.cl
306,sh.st
307,icicibank.com
308,mega.nz
309,gearbest.com
310,zoho.com
311,secureserver.net
312,media.tumblr.com
313,nfl.com
314,caijing.com.cn
315,rambler.ru
316,leboncoin.fr
317,kakaku.com
318,amazon.es
319,daikynguyenvn.com
320,rarbg.to
321,ebay-kleinanzeigen.de
322,oracle.com
323,wix.com
324,39.net
325,hatenablog.com
326,spotscenered.info
327,behance.net
328,messenger.com
329,directrev.com
330,evernote.com
331,asos.com
332,iqiyi.com
333,onclickpredictiv.com
334,tokopedia.com
335,jd.com
336,google.no
337,icloud.com
338,hatena.ne.jp
339,goodreads.com
340,ytimg.com
341,51yes.com
342,bloomberg.com
343,1905.com
344,hootsuite.com
345,go.com
346,hp.com
347,canva.com
348,chinadaily.com.cn
349,cnblogs.com
350,samsung.com
351,adnetworkperformance.com
352,shopify.com
353,repubblica.it
354,battle.net
355,onedio.com
356,tradeadexchange.com
357,1688.com
358,google.hu
359,youtube-mp3.org
360,atlassian.net
361,ltn.com.tw
362,sharepoint.com
363,123movies.to
364,telegraph.co.uk
365,google.ie
366,yesky.com
367,cnnic.cn
368,americanexpress.com
369,kompas.com
370,onet.pl
371,2ch.net
372,googleapis.com
373,amazon.cn
374,pandora.com
375,steamcommunity.com
376,eksisozluk.com
377,nyaa.se
378,roblox.com
379,quizlet.com
380,kaskus.co.id
381,blkget.com
382,gmx.net
383,bukalapak.com
384,xfinity.com
385,google.co.il
386,enet.com.cn
387,elpais.com
388,pixabay.com
389,irctc.co.in
390,blogspot.jp
391,bestbuy.com
392,wsj.com
393,4dsply.com
394,web.de
395,udemy.com
396,kissanime.to
397,dictionary.com
398,usatoday.com
399,thewhizproducts.com
400,seasonvar.ru
401,fastpokemap.se
402,telegram.org
403,ebay.in
404,reddituploads.com
405,infusionsoft.com
406,sberbank.ru
407,liputan6.com
408,yts.ag
409,accuweather.com
410,airbnb.com
411,about.com
412,blackboard.com
413,conservativetribune.com
414,google.dk
415,mediawhirl.net
416,google.fi
417,ruten.com.tw
418,sabah.com.tr
419,weblio.jp
420,wittyfeed.com
421,tutorialspoint.com
422,wixsite.com
423,reuters.com
424,hubspot.com
425,box.com
426,clickadu.com
427,avg.com
428,usps.com
429,ups.com
430,exoclick.com
431,capitalone.com
432,techcrunch.com
433,sciencedirect.com
434,digikala.com
435,dell.com
436,spiegel.de
437,homedepot.com
438,php.net
439,taleo.net
440,kapanlagi.com
441,kickstarter.com
442,list-manage.com
443,ebay.it
444,neobux.com
445,target.com
446,goo.gl
447,blog.jp
448,indianexpress.com
449,adexc.net
450,fedex.com
451,ign.com
452,abs-cbn.com
453,thefreedictionary.com
454,researchgate.net
455,subscene.com
456,imzog.com
457,intuit.com
458,mi.com
459,taringa.net
460,google.sk
461,marca.com
462,uploaded.net
463,kooora.com
464,beeg.com
465,bhaskar.com
466,baike.com
467,asana.com
468,wp.pl
469,ouo.io
470,qiita.com
471,mlb.com
472,ci123.com
473,groupon.com
474,spankbang.com
475,lifebuzz.com
476,mercadolibre.com.ar
477,webmd.com
478,hotstar.com
479,clipconverter.cc
480,youdao.com
481,orange.fr
482,tube8.com
483,zone-telechargement.com
484,mashable.com
485,hurriyet.com.tr
486,teepr.com
487,eastday.com
488,billdesk.com
489,free.fr
490,4chan.org
491,azlyrics.com
492,ebay.com.au
493,bitbucket.org
494,bitly.com
495,leagueoflegends.com
496,amazon.ca
497,4shared.com
498,naukri.com
499,zomato.com
500,gizmodo.com
501,rediff.com
502,goal.com
503,dcinside.com
504,theverge.com
505,sahibinden.com
506,att.com
507,17ok.com
508,comcast.net
509,xe.com
510,fivethirtyeight.com
511,watsons.tmall.com
512,engadget.com
513,hola.com
514,vk.me
515,independent.co.uk
516,hulu.com
517,elmundo.es
518,haber7.com
519,citi.com
520,nownews.com
521,ask.fm
522,meetup.com
523,gamepedia.com
524,mit.edu
525,gyazo.com
526,hilltopads.net
527,corriere.it
528,rednet.cn
529,tabelog.com
530,shopclues.com
531,gamefaqs.com
532,chatwork.com
533,cricbuzz.com
534,poptm.com
535,pikabu.ru
536,blogfa.com
537,wowhead.com
538,ifeng.com
539,xda-developers.com
540,intoday.in
541,aparat.com
542,reverso.net
543,livedoor.com
544,verizonwireless.com
545,aliyun.com
546,namu.wiki
547,buzzhand.com
548,t-online.de
549,gamer.com.tw
550,seznam.cz
551,rapidgator.net
552,google.com.kw
553,chaoshi.tmall.com
554,coursera.org
555,lemonde.fr
556,bild.de
557,adidas.tmall.com
558,abril.com.br
559,milliyet.com.tr
560,google.lk
561,prezi.com
562,hm.com
563,google.kz
564,surveymonkey.com
565,jabong.com
566,howtogeek.com
567,urdupoint.com
568,playstation.com
569,wp.com
570,souq.com
571,clixsense.com
572,pantip.com
573,line.me
574,politico.com
575,mercadolibre.com.mx
576,gismeteo.ru
577,prnt.sc
578,airtel.in
579,doorblog.jp
580,asus.com
581,lenta.ru
582,umblr.com
583,olx.com.br
584,sq.cn
585,wiktionary.org
586,urbandictionary.com
587,reference.com
588,merdeka.com
589,sakura.ne.jp
590,superuser.com
591,chinaz.com
592,drudgereport.com
593,nbcnews.com
594,state.gov
595,uber.com
596,instructables.com
597,alicdn.com
598,lifehacker.com
599,wiley.com
600,glassdoor.com
601,macys.com
602,51sole.com
603,hespress.com
604,livescore.com
605,nike.com
606,digitalocean.com
607,seesaa.net
608,jrj.com.cn
609,google.bg
610,ero-advertising.com
611,wunderground.com
612,ck101.com
613,dingit.tv
614,bookmyshow.com
615,stumbleupon.com
616,huaban.com
617,freelancer.com
618,codepen.io
619,cbssports.com
620,jimdo.com
621,basecamp.com
622,expedia.com
623,android.com
624,blogspot.mx
625,issuu.com
626,time.com
627,yandex.ua
628,kdnet.net
629,squarespace.com
630,investing.com
631,mirror.co.uk
632,myanimelist.net
633,eventbrite.com
634,npr.org
635,google.co.nz
636,photobucket.com
637,rottentomatoes.com
638,chip.de
639,cpasbien.cm
640,dmm.com
641,springer.com
642,filehippo.com
643,justdial.com
644,viralthread.com
645,noaa.gov
646,mobile.de
647,smartnewtab.com
648,spzan.com
649,duckduckgo.com
650,lenovo.com
651,westernjournalism.com
652,my-hit.org
653,askubuntu.com
654,olx.in
655,4pda.ru
656,sitepoint.com
657,torrentz2.eu
658,curapelanatureza.com.br
659,impress.co.jp
660,ibm.com
661,academia.edu
662,drom.ru
663,latimes.com
664,getpocket.com
665,hdzog.com
666,japanpost.jp
667,commentcamarche.net
668,kijiji.ca
669,mercadolibre.com.ve
670,adbooth.com
671,zing.vn
672,makeuseof.com
673,livedoor.biz
674,lazada.co.id
675,nikkeibp.co.jp
676,e-hentai.org
677,adplxmd.com
678,myntra.com
679,xing.com
680,moneycontrol.com
681,acfun.tv
682,webex.com
683,inquirer.net
684,newegg.com
685,hotels.com
686,akamaihd.net
687,shink.in
688,breitbart.com
689,ab4hr.com
690,chinaso.com
691,answers.com
692,lefigaro.fr
693,office365.com
694,cisco.com
695,123rf.com
696,okezone.com
697,banggood.com
698,dafont.com
699,timeanddate.com
700,itmedia.co.jp
701,ebay.fr
702,blog.me
703,nordstrom.com
704,olx.pl
705,lanacion.com.ar
706,as.com
707,ouedkniss.com
708,badoo.com
709,ria.ru
710,infobae.com
711,cambridge.org
712,rbc.ru
713,google.com.do
714,makemytrip.com
715,google.rs
716,realclearpolitics.com
717,getbootstrap.com
718,nikkei.com
719,genius.com
720,grammarly.com
721,imagebam.com
722,shaparak.ir
723,siteadvisor.com
724,cbsnews.com
725,subito.it
726,suning.com
727,voc.com.cn
728,redirectvoluum.com
729,india.com
730,ca.gov
731,drive2.ru
732,vporn.com
733,libero.it
734,albawabhnews.com
735,utorrent.com
736,paytm.in
737,the-watch-series.to
738,www.gov.uk
739,appledaily.com.tw
740,investopedia.com
741,clarin.com
742,cnbc.com
743,ruliweb.com
744,donga.com
745,biobiochile.cl
746,eyny.com
747,sabq.org
748,dribbble.com
749,bola.net
750,discogs.com
751,thesportbible.com
752,google.com.my
753,nypost.com
754,quikr.com
755,streamcloud.eu
756,europa.eu
757,emol.com
758,youjizz.com
759,vnexpress.net
760,momoshop.com.tw
761,khanacademy.org
762,patch.com
763,drtuber.com
764,merriam-webster.com
765,okcupid.com
766,youboy.com
767,gazeta.pl
768,gotporn.com
769,torrentkim3.net
770,bodybuilding.com
771,prothom-alo.com
772,thekitchn.com
773,chron.com
774,elbalad.news
775,ultimate-guitar.com
776,thehindu.com
777,slickdeals.net
778,norton.com
779,google.by
780,gstatic.com
781,discordapp.com
782,oschina.net
783,olx.ua
784,google.com.ec
785,likes.com
786,wish.com
787,linkshrink.net
788,codecanyon.net
789,ccm.net
790,watchseries.ac
791,pof.com
792,ameba.jp
793,nudevista.com
794,abcnews.go.com
795,cdiscount.com
796,leadzupc.com
797,custhelp.com
798,theodysseyonline.com
799,apache.org
800,pixiv.net
801,topix.com
802,bhphotovideo.com
803,lapatilla.com
804,stanford.edu
805,trulia.com
806,1337x.to
807,gigazine.net
808,nhk.or.jp
809,manoramaonline.com
810,jeuxvideo.com
811,istockphoto.com
812,folha.uol.com.br
813,allrecipes.com
814,ted.com
815,porn.com
816,popmyads.com
817,inven.co.kr
818,elevenia.co.id
819,cnmo.com
820,realtor.com
821,cookpad.com
822,informer.com
823,intel.com
824,turbobit.net
825,le.com
826,ensonhaber.com
827,entrepreneur.com
828,deviantart.net
829,adme.ru
830,flaticon.com
831,allocine.fr
832,flirt4free.com
833,sputniknews.com
834,bidverdrs.com
835,bluehost.com
836,imagetwist.com
837,bleacherreport.com
838,gazzetta.it
839,fmovies.to
840,k618.cn
841,convert2mp3.net
842,nanoadexchange.com
843,fanfiction.net
844,pcmag.com
845,tmz.com
846,zara.com
847,shareasale.com
848,ablogica.com
849,gmarket.co.kr
850,bandcamp.com
851,mynavi.jp
852,trackingclick.net
853,kayak.com
854,thevideo.me
855,lowes.com
856,constantcontact.com
857,googlevideo.com
858,techradar.com
859,jquery.com
860,wired.com
861,gmanetwork.com
862,harvard.edu
863,gamespot.com
864,zhanqi.tv
865,fbsbx.com
866,stockstar.com
867,58.com
868,adp.com
869,aweber.com
870,jsfiddle.net
871,blogimg.jp
872,cqnews.net
873,liveleak.com
874,google.hr
875,mangafox.me
876,gazetaexpress.com
877,ptt.cc
878,altervista.org
879,google.tn
880,r7mediar.com
881,digitaltrends.com
882,fidelity.com
883,360doc.com
884,clicksor.net
885,onlinevideoconverter.com
886,dict.cc
887,kohls.com
888,absoluteclickscom.com
889,blogspot.de
890,microsoftstore.com
891,discuss.com.hk
892,slimspots.com
893,oneindia.com
894,southwest.com
895,asahi.com
896,agoda.com
897,namesakeoscilloscopemarquis.com
898,epwk.com
899,buzzfil.net
900,duolingo.com
901,chouftv.ma
902,zytpirwai.net
903,criteo.com
904,indiamart.com
905,unity3d.com
906,envato.com
907,okta.com
908,so-net.ne.jp
909,backpage.com
910,americanas.com.br
911,nairaland.com
912,thatviralfeed.net
913,xtube.com
914,narod.ru
915,slate.com
916,vodlocker.com
917,fontawesome.io
918,fishki.net
919,twoo.com
920,yandex.com.tr
921,ancestry.com
922,google.co.ao
923,nexusmods.com
924,g2a.com
925,people.com
926,yaplakal.com
927,codeonclick.com
928,nydailynews.com
929,idnes.cz
930,hh.ru
931,junbi-tracker.com
932,dl-protect.com
933,ps4ux.com
934,aiomp3.com
935,java.com
936,keepvid.com
937,sapo.pt
938,verizon.com
939,tempo.co
940,costco.com
941,11st.co.kr
942,liveinternet.ru
943,ticketmaster.com
944,gutefrage.net
945,wattpad.com
946,scribol.com
947,zopim.com
948,thisav.com
949,mobile01.com
950,caixa.gov.br
951,zedo.com
952,udn.com
953,ssl-images-amazon.com
954,axisbank.co.in
955,motherless.com
956,pixlr.com
957,op.gg
958,houzz.com
959,list.tmall.com
960,rutube.ru
961,himado.in
962,javedch.com
963,xunlei.com
964,gap.com
965,safefinder.com
966,mgid.com
967,marketwatch.com
968,google.com.ly
969,gotowebinar.com
970,getmyads.com
971,lequipe.fr
972,givemesport.com
973,cam4.com
974,lolesports.com
975,voyeurhit.com
976,socialblade.com
977,ebay.es
978,angel.co
979,detonate.com
980,truecaller.com
981,52pk.com
982,fanpage.gr
983,hepsiburada.com
984,eonline.com
985,pocofh.com
986,nature.com
987,tomshardware.com
988,jb51.net
989,theatlantic.com
990,hostgator.com
991,xbox.com
992,tnaflix.com
993,uptobox.com
994,klikbca.com
995,biblegateway.com
996,reallifecam.com
997,retailmenot.com
998,ibtimes.co.uk
999,myfreecams.com
1000,ilbe.com
